"id","nome","nascimento","admissao","cargoId","lotacaoId","salario"
"53","Marwin Cracknall","1975-11-28","2005-07-21","5","4",""
"54","Diane Chatelain","1964-03-01","2007-07-29","1","2","12200.00"
"55","Ellette Gauvin","1970-03-11","2015-06-26","4","1",""
"56","Brannon Wardlaw","1990-02-25","2014-11-13","1","3",""
"57","Dan Dickings","1972-11-15","2008-06-18","4","2",""
"58","Lindy Yearn","1986-11-17","2020-08-23","1","2",""
"59","Daune Sabater","1991-08-04","2017-06-20","5","2",""
"60","Aurlie Yurkiewicz","1969-07-27","2007-06-23","1","3",""
"61","Claudie Callander","1967-09-19","2013-04-27","1","2",""
"62","Nicol Lindgren","1984-02-28","2014-06-04","1","4",""
"63","Chico Whapples","1978-03-26","2006-01-15","1","1",""
"64","Joycelin Wimmer","1990-12-04","2015-09-22","1","4",""
"65","Rickert Daish","1990-02-11","2005-03-14","1","4",""
"66","Bartolomeo Alabastar","1989-09-22","2004-09-05","1","4",""
"67","Hallsy Sales","1967-09-25","2018-01-05","1","1",""
"68","Marietta McDonand","1964-10-29","2020-05-23","1","3",""
"69","Minny Tommis","1980-11-07","2016-07-23","4","3",""
"70","Bernice Peete","1992-04-28","2020-01-11","1","2",""
"71","Edward Watkinson","1986-03-25","2011-11-13","1","4","7400.00"
"72","Ezmeralda Rooson","1992-01-22","2015-01-11","1","3",""
"73","Jolyn Johnys","1974-07-12","2009-05-15","1","1",""
"74","Allyn Simeoli","1970-05-29","2006-01-27","1","3",""
"75","Morgana Bricksey","1962-12-19","2017-06-18","4","3",""
"76","Sada Le Marchand","1991-10-16","2010-05-08","1","1",""
"77","Eleanore Antoniottii","1986-09-24","2008-08-09","6","1",""
"78","Catrina Cogger","1991-02-03","2018-08-01","1","3",""
"79","Cletis McGriffin","1982-04-02","2007-07-02","2","1",""
"80","Karlotte Mardoll","1985-05-23","2020-08-24","1","4",""
"81","Betty Todman","1992-12-28","2016-10-13","4","2",""
"82","Vite Minshull","1987-11-07","2016-01-26","1","4",""
"83","Ezri Hugnot","1972-09-15","2010-02-15","1","3",""
"84","Rourke Pennetti","1972-10-02","2013-03-02","1","2",""
"85","Ondrea Laugier","1988-09-24","2006-06-06","4","4",""
"86","Orv Palister","1969-12-30","2006-01-01","1","3","3700.00"
"87","Cullan Alliston","1967-01-27","2006-09-22","4","2","3700.00"
"88","Neysa Tortis","1976-01-15","2012-08-05","1","3",""
"89","Dasi Ledgister","1990-01-23","2004-08-22","3","1",""
"90","Tansy Colliver","1978-07-16","2019-04-27","1","3",""
"91","Juditha Gamon","1989-08-26","2009-09-02","1","2",""
"92","Gary Usmar","1988-07-16","2010-02-19","1","4","7400.00"
"93","Natalya McGraffin","1992-06-24","2015-12-13","5","4",""
"94","Angelica Popland","1967-07-19","2015-08-25","1","3",""
"95","Shawn Le Moucheux","1983-06-08","2007-03-15","1","2","12200.00"
"96","Nathanil Vondracek","1971-05-16","2015-06-05","1","1",""
"97","Drusilla Sample","1984-09-26","2005-08-15","4","4",""
"98","Denny McRill","1972-10-10","2015-11-05","1","4",""
"99","Erwin Kneeland","1982-08-05","2013-07-28","3","2",""
"100","Hillary Gullivent","1972-02-04","2009-07-13","1","3",""
"101","Mathilda Corbitt","1962-11-12","2006-08-27","1","3",""
"102","Paul Yeandel","1973-11-27","2017-04-22","1","2",""
"103","Gretchen Durtnell","1989-07-15","2015-08-08","1","2",""
"104","Clair Gherardi","1988-03-16","2004-06-01","1","4",""
"105","Essy Kennaway","1985-07-11","2019-12-15","5","1",""
"106","Brynna Mirralls","1983-07-04","2012-01-24","1","1","12200.00"
"107","Pascale MacGibbon","1982-04-01","2011-04-21","2","1",""
"108","Cart Coopey","1978-02-24","2016-12-27","1","1",""
"109","Traver Ida","1972-10-02","2004-12-05","1","3",""
"110","Jannelle Pudner","1972-04-12","2015-02-14","1","4",""
"111","Gerri Hegley","1969-07-28","2016-03-01","1","3",""
"112","Sue Springthorp","1974-05-14","2015-01-08","1","3",""
"113","Brittney Savege","1983-07-19","2005-08-05","2","2",""
"114","Lucius Mil","1984-01-27","2019-10-19","1","1",""
"115","Tilly Roglieri","1980-09-06","2011-10-28","6","2",""
"116","Jessy Woodnutt","1968-04-28","2016-01-23","1","4",""
"117","Leticia Prebble","1984-09-25","2017-04-27","1","1",""
"118","Man Renak","1986-04-09","2004-05-18","1","2",""
"119","Alonzo Pendlebury","1968-05-21","2014-12-23","1","1",""
"120","Ginelle Hradsky","1986-03-01","2004-11-15","1","3","7400.00"
"121","Bertrand Cantera","1986-03-27","2013-01-22","1","3",""
"122","Birgit Mably","1988-03-14","2006-09-10","1","3",""
"123","Vin Fison","1972-02-11","2007-07-18","4","3",""
"124","Shawn Gambie","1983-03-21","2016-06-15","1","4","12200.00"
"125","Orelle Sheal","1981-10-08","2014-11-12","1","2",""
"126","Marianne Adshede","1979-01-30","2014-11-26","1","4",""
"127","Minta Demko","1982-02-08","2020-06-15","2","4",""
"128","Dean Blindermann","1963-08-08","2019-06-13","1","4",""
"129","Toby Yurkov","1986-04-13","2014-02-01","1","2",""
"130","Callean Gylle","1969-01-26","2018-09-21","1","2","3700.00"
"131","Yulma Farnham","1989-12-06","2017-03-08","1","3",""
"132","Melitta Troppmann","1986-12-29","2007-11-09","1","2",""
"133","Lory Cadell","1991-05-17","2014-02-14","1","3",""
"134","Burtie Hodgets","1972-08-01","2010-02-10","1","2","12200.00"
"135","Tedi Skeen","1963-09-06","2016-09-25","4","2",""
"136","Di Emes","1983-02-27","2015-07-03","1","2",""
"137","Linoel Ivashev","1982-07-21","2009-01-05","1","1",""
"138","Anselma Poveleye","1987-10-17","2009-02-06","1","4",""
"139","Danielle Tolman","1988-11-25","2012-03-29","2","1",""
"140","Lilias Ennion","1964-11-30","2008-08-27","1","4",""
"141","Donella Callis","1972-03-29","2009-11-26","6","3",""
"142","Gary Woodgate","1992-04-03","2009-08-26","1","3",""
"143","Dody Marron","1969-10-31","2009-07-17","1","2","6100.00"
"144","Cece Dobble","1975-03-21","2010-07-19","1","2",""
"145","Wilow Pavelka","1987-05-06","2004-10-10","4","3",""
"146","Janean Tchir","1990-08-16","2006-01-03","1","1",""
"147","Orton Panner","1987-10-23","2009-07-12","6","4","3700.00"
"148","Bary Hanner","1982-10-29","2007-10-24","1","1",""
"149","Kennedy Gallanders","1991-04-23","2011-02-03","1","1",""
"150","Rorie Stilgoe","1980-06-01","2004-04-28","1","4",""
"151","Tony Corrin","1988-01-22","2012-09-16","2","1",""
"152","Dulcia Novkovic","1962-03-05","2020-03-25","1","2",""
"153","Emyle Kellen","1968-03-03","2017-02-20","3","3",""
"154","Guilbert Veschi","1985-10-14","2013-10-19","1","3",""
"155","Nestor O'Kieran","1964-02-18","2014-08-02","6","2",""
"156","Alyosha Haffard","1973-10-26","2016-01-18","1","2",""
"157","Timmie Clayden","1973-05-21","2004-03-10","6","2",""
"158","Riccardo FitzGeorge","1964-01-26","2019-02-17","1","1",""
"159","Eleen Daft","1973-12-16","2018-05-19","4","2",""
"160","Alec Ferencowicz","1986-08-19","2016-04-09","1","2","12200.00"
"161","Michele Tash","1965-12-23","2012-08-19","1","4",""
"162","Amandie Greenstead","1979-10-20","2005-04-21","1","4","6100.00"
"163","Lauralee Awton","1966-10-14","2018-03-06","4","1",""
"164","Aldwin Measen","1981-11-29","2016-01-18","1","4",""
"165","Hew Duffet","1964-12-21","2010-01-21","1","2",""
"166","Adelaida Gollop","1969-05-09","2004-01-04","1","3",""
"167","Artemas Gavini","1974-10-25","2018-10-26","6","2",""
"168","Ruttger Zimmerman","1978-05-23","2004-01-24","1","2","6100.00"
"169","Helaina Le Houx","1989-10-21","2015-05-20","1","1",""
"170","Ransom Fretwell","1987-01-01","2016-08-09","1","3",""
"171","Randee Trembley","1975-07-12","2015-02-19","5","3",""
"172","Warren Baldi","1970-09-27","2009-10-12","1","1",""
"173","Deb Stigers","1978-05-30","2019-09-04","2","1",""
"174","Celestia O' Hogan","1980-01-11","2004-11-11","1","3",""
"175","Emile Acum","1972-09-16","2007-09-20","4","4",""
"176","Kristyn Fishpool","1977-05-05","2012-05-01","1","3",""
"177","Lyda Morfey","1989-07-04","2015-11-21","6","2","12200.00"
"178","Jon Sambrok","1977-03-14","2013-09-16","1","1",""
"179","Riane Cayser","1962-06-21","2019-09-25","2","1",""
"180","Michelina Petrulis","1969-11-10","2007-09-01","1","4",""
"181","Mindy Pedrol","1990-09-01","2019-08-26","3","2",""
"182","Marigold Schuster","1968-10-18","2018-08-21","1","4",""
"183","Giovanna Pleven","1988-11-12","2019-09-22","4","1","3700.00"
"184","Marilee Abele","1965-01-22","2011-05-16","1","1",""
"185","Laurent Cescon","1992-11-05","2007-09-16","5","2","3700.00"
"186","Stacee Fleckno","1975-09-13","2019-08-17","1","1",""
"187","Shari Hedgeley","1970-07-09","2014-01-28","1","3",""
"188","Nerissa Tatnell","1981-04-04","2017-06-23","1","3",""
"189","Genia Tures","1990-07-26","2017-03-05","6","3","3700.00"
"190","Gisele Giacopetti","1983-01-24","2015-08-19","1","1","3700.00"
"191","Noel Pagnin","1982-12-28","2012-09-24","4","1",""
"192","Cordie Jore","1982-04-19","2004-09-06","1","4","7400.00"
"193","Dari Gerlts","1983-02-24","2019-07-03","5","3",""
"194","Star Cumo","1980-08-15","2007-06-25","1","4","6100.00"
"195","Peggie Cypler","1969-11-13","2008-04-05","6","2",""
"196","Geraldine Berndtsson","1963-01-21","2014-07-07","1","3",""
"197","Hussein Gerardot","1991-06-03","2011-08-27","1","3",""
"198","Carry Canti","1989-12-17","2014-11-06","1","1",""
"199","Herby Heeley","1989-12-16","2015-10-26","1","4",""
"200","Dannie McGall","1990-02-23","2010-12-08","1","2",""
"201","Dottie Schuler","1982-01-05","2018-11-14","1","3",""
"202","Quintana Rozec","1975-07-13","2004-01-29","1","2",""
"203","Rosa Vickerstaff","1976-07-12","2012-02-16","1","2",""
"204","Worth Keyme","1991-08-24","2016-09-14","1","3",""
"205","Harrison Copnall","1966-06-19","2006-11-26","1","2",""
"206","Leda Berrane","1991-03-23","2006-09-11","1","4",""
"207","Silva Brunicke","1990-11-05","2004-08-03","2","4",""
"208","Shanta Dibling","1973-09-18","2017-02-06","1","2",""
"209","Dare Birkbeck","1991-04-02","2009-11-06","3","2",""
"210","Bev Leneham","1981-04-12","2006-03-08","1","4",""
"211","Evelyn Dessant","1984-03-18","2019-06-06","5","4","7400.00"
"212","Shir Marden","1968-09-12","2004-03-01","1","1",""
"213","Marj Frude","1962-09-15","2017-10-08","6","4",""
"214","Bastian Julyan","1978-06-21","2018-01-10","1","3",""
"215","Halsy Cavey","1972-07-03","2016-08-30","1","4",""
"216","Kelcey Kempshall","1991-08-08","2008-08-25","1","1",""
"217","Georges Jarmyn","1966-03-26","2018-04-16","1","1",""
"218","Hermione Leguey","1974-08-17","2004-11-29","1","4",""
"219","Opalina Dibbert","1985-03-05","2013-04-16","3","4",""
"220","Lyn Penas","1980-12-30","2019-06-28","1","2",""
"221","Angeli Bennetts","1973-07-08","2009-05-29","1","1",""
"222","Seth Nowell","1968-11-08","2004-02-03","1","4","7400.00"
"223","Sheryl Lince","1966-05-26","2019-01-18","1","2",""
"224","Suzi Galletley","1985-06-11","2004-04-17","1","3",""
"225","Violet Rapa","1988-07-11","2019-08-03","1","2",""
"226","Corly Simionato","1980-07-11","2011-10-09","1","3","3700.00"
"227","Dalt Messer","1982-12-19","2016-07-31","6","2",""
"228","Mariele Oneil","1971-01-10","2010-05-22","1","4",""
"229","Maridel Cavolini","1979-01-12","2013-03-08","5","1",""
"230","Linette Thomlinson","1992-04-22","2019-07-02","1","2",""
"231","Anselma Chipperfield","1965-11-30","2019-08-06","1","1",""
"232","Augustus Maybery","1989-04-04","2018-03-04","1","2",""
"233","Barbette Ostridge","1963-05-22","2008-11-22","1","4",""
"234","Siffre Teissier","1971-06-14","2015-05-11","1","1",""
"235","Glori Pownall","1972-07-03","2018-11-26","4","4",""
"236","Lindy Soeiro","1985-05-31","2012-02-13","1","1","12200.00"
"237","Myrwyn Gebuhr","1979-10-19","2019-05-05","1","4",""
"238","Zarah Posthill","1964-05-19","2010-10-07","1","2","12200.00"
"239","Marje Hechlin","1991-01-02","2017-06-16","1","1",""
"240","Em Domsalla","1981-06-15","2018-03-24","1","3",""
"241","Imogene Sher","1972-04-19","2008-10-23","1","1",""
"242","Gabriell Knewstubb","1989-06-07","2020-03-12","1","2",""
"243","Jarred Hessel","1962-04-10","2016-03-24","1","3",""
"244","Cirilo Matteini","1967-02-16","2006-07-03","1","4",""
"245","Inglis Burghall","1983-05-15","2004-11-04","1","1",""
"246","Ches Morde","1989-05-14","2012-04-07","1","1",""
"247","Ali Vivash","1964-05-18","2005-08-21","1","2",""
"248","Norah Preshaw","1991-04-09","2014-02-28","1","3",""
"249","Traci Spoole","1967-10-24","2013-03-04","6","3",""
"250","Aveline Greser","1984-01-13","2011-07-27","1","3",""
"251","Glennie Escolme","1979-08-16","2019-11-09","6","1","7400.00"
"252","Gail Cradey","1977-06-16","2012-11-07","1","4",""
"253","Miquela Sands","1971-01-17","2018-06-08","4","1",""
"254","Shawn Ondra","1988-05-18","2019-10-06","1","1",""
"255","Stacey Bouchard","1965-12-08","2009-12-03","1","2",""
"256","Jenna Watkiss","1971-12-17","2020-10-13","1","1",""
"257","Jozef Dulen","1963-12-17","2018-06-21","6","2",""
"258","Bond Courtliff","1967-12-30","2016-05-08","1","1",""
"259","Mildred Trapp","1990-08-20","2005-09-30","6","1",""
"260","Roland Schulze","1973-09-17","2018-06-09","1","1",""
"261","Garik Geffcock","1966-10-24","2017-02-06","3","4",""
"262","Laverna Hansemann","1968-10-28","2016-04-22","1","4",""
"263","Cornie Ivanchikov","1972-09-18","2009-02-08","1","2",""
"264","Vera Demko","1967-04-22","2008-06-12","1","4",""
"265","Ginger Milington","1987-09-01","2014-06-01","6","3","12200.00"
"266","Brad Donahue","1974-05-11","2019-12-04","1","1",""
"267","Amalea Franzewitch","1991-07-14","2017-04-20","1","3",""
"268","Valene Gellier","1985-02-15","2005-08-22","1","4",""
"269","Ange Gorbell","1975-07-31","2016-10-28","1","2",""
"270","Guglielmo Leven","1988-08-05","2020-12-11","1","2",""
"271","Cate Juste","1968-07-17","2016-09-05","4","2",""
"272","Blinnie Theze","1980-01-03","2013-04-10","1","3",""
"273","Kennie Slipper","1971-11-04","2014-03-15","1","1",""
"274","Malynda Brookhouse","1983-04-17","2006-02-02","1","4",""
"275","Emanuel Holtaway","1989-04-05","2015-06-01","1","4",""
"276","Ingmar Desorts","1976-03-28","2017-02-14","1","2",""
"277","Lisetta Clarey","1962-06-19","2005-09-15","1","3",""
"278","Armstrong Lowndesbrough","1966-10-20","2014-10-02","1","1",""
"279","Torie Petchey","1965-02-06","2020-10-31","1","2",""
"280","Licha Stilliard","1978-11-16","2012-01-15","1","4",""
"281","Cathleen Bowman","1989-01-22","2014-01-15","1","2",""
"282","Muhammad Kilalea","1984-10-13","2009-01-02","1","2",""
"283","Hildagarde Yukhnev","1967-11-12","2005-08-04","1","2",""
"284","Elisabeth Chilvers","1967-08-07","2015-05-09","1","1",""
"285","Amabelle Alleburton","1983-08-20","2005-08-08","4","2","7400.00"
"286","Wenona Scarf","1977-10-17","2006-09-04","1","1","6100.00"
"287","Kakalina Blankau","1974-01-10","2007-12-25","1","3",""
"288","Gaspard Drews","1986-08-30","2009-02-28","1","1",""
"289","Hillery Duesbury","1989-11-21","2014-01-27","1","1",""
"290","Gabi Stanlick","1973-02-23","2009-10-17","1","3",""
"291","Wolfy Biasetti","1989-08-05","2015-04-03","1","3","7400.00"
"292","Alric Farbrother","1964-07-09","2017-04-23","1","4",""
"293","Wynny Whetnall","1965-10-12","2016-08-27","1","1",""
"294","Kyle Brotherhead","1972-11-21","2010-03-05","1","4",""
"295","Granthem Nicholl","1962-03-04","2010-12-06","1","3","7400.00"
"296","Ericka MacGill","1975-02-01","2015-12-01","1","3",""
"297","Natalya Romei","1982-02-16","2014-10-07","6","2","7400.00"
"298","Emlyn MacNelly","1992-09-16","2015-03-11","1","4",""
"299","Marjie Joslin","1986-10-10","2011-01-08","1","2",""
"300","Robinson Heigho","1977-01-15","2006-03-05","1","4","3700.00"
"301","Dode Illwell","1983-09-03","2020-07-26","6","4",""
"302","Elianora Petric","1988-09-28","2015-02-17","1","4",""
"303","Claudius Supple","1992-04-01","2010-02-10","1","4",""
"304","Gasper Eaton","1987-03-03","2020-10-05","1","4",""
"305","Bill Vann","1966-09-19","2006-07-18","2","1",""
"306","Jinny Turrill","1970-01-14","2011-09-27","1","1",""
"307","Killian Foulsham","1991-03-27","2014-04-14","1","2",""
"308","Lexie Wringe","1966-02-12","2011-11-14","1","4",""
"309","Felix Choules","1992-11-21","2008-11-02","1","4","6100.00"
"310","Georgetta Severwright","1979-06-18","2020-06-26","1","1",""
"311","Josi Dennistoun","1968-01-31","2004-05-17","4","1",""
"312","Jess Cheers","1978-11-29","2016-01-04","1","2","12200.00"
"313","Elisabeth Cantos","1968-02-26","2012-08-27","1","4","7400.00"
"314","Brett Kaley","1964-02-15","2019-07-12","1","2",""
"315","Chevy Frichley","1988-09-12","2009-12-30","1","4",""
"316","Dawna Fyers","1986-05-24","2007-03-18","1","1",""
"317","Eduardo Sommerville","1977-07-10","2016-08-14","5","1",""
"318","Consuela Gealle","1968-09-23","2019-03-02","1","1",""
"319","Lennard Waghorn","1988-12-08","2004-12-04","1","2",""
"320","Barret Drewett","1971-04-02","2010-11-12","1","3",""
"321","Arabel Cometti","1962-04-03","2019-10-23","5","1",""
"322","Cristabel Spreag","1962-10-09","2009-03-17","1","2",""
"323","Hazel Garmon","1963-01-25","2015-09-15","1","3",""
"324","Camel Yurenin","1962-11-27","2008-12-09","1","3","6100.00"
"325","Kerk Dillinton","1964-10-19","2019-10-03","2","4",""
"326","Olympie Lucchi","1971-03-08","2017-03-09","1","4",""
"327","Jeramie Kondratenko","1963-12-07","2007-11-06","5","4",""
"328","Tove Spacie","1982-11-05","2019-06-10","1","1",""
"329","Greta Stidworthy","1977-04-05","2006-01-29","1","2",""
"330","Natassia Bickford","1986-01-08","2009-09-02","1","2","3700.00"
"331","Monika Houchin","1966-10-14","2020-06-13","1","1","12200.00"
"332","Marlo MacCahey","1988-10-15","2016-08-15","1","3",""
"333","Holt Kubista","1979-11-30","2014-09-26","1","3",""
"334","Odie Mohamed","1989-09-17","2006-11-24","1","1","7400.00"
"335","Tyler Kermode","1973-07-29","2009-07-06","5","3",""
"336","Konstantine Henric","1975-12-19","2011-08-29","1","4",""
"337","Annadiana Humberstone","1986-07-20","2004-12-19","1","1","3700.00"
"338","Shannah Blitz","1975-04-02","2016-06-21","1","2",""
"339","Perceval Heimann","1976-09-30","2017-09-03","1","4",""
"340","Rose Paynter","1978-08-18","2006-10-18","1","1",""
"341","Glendon Rosenzveig","1977-04-11","2017-11-01","2","2",""
"342","Elijah Klejin","1987-10-17","2016-01-22","1","1","7400.00"
"343","Sidnee Gabites","1991-11-15","2008-02-13","5","2",""
"344","Roz Battman","1981-11-10","2008-10-25","1","1",""
"345","Harmony Galego","1963-06-24","2017-09-10","1","2",""
"346","Brita Rickersey","1981-07-15","2011-01-19","1","2",""
"347","Keriann Phillpot","1962-05-28","2011-03-06","1","2",""
"348","Carlyn Gration","1972-09-14","2006-12-08","1","4",""
"349","Mallorie Musgrove","1971-05-27","2015-02-11","4","1","7400.00"
"350","Vidovic Parks","1968-10-03","2009-08-03","1","3",""
"351","Michale Terris","1989-09-16","2008-03-21","1","4",""
"352","Zak Medcalf","1978-02-28","2015-09-08","1","2",""
"353","Parker Rolin","1989-11-17","2015-09-24","6","1",""
"354","Thelma Keitley","1992-10-05","2012-02-19","1","4",""
"355","Reuven Barnham","1988-05-26","2006-03-04","1","4",""
"356","Raquel Betteney","1968-11-08","2012-05-24","1","3",""
"357","Amie Danelutti","1967-09-21","2005-01-17","1","1",""
"358","Philis Ailsbury","1979-11-16","2010-01-13","1","3",""
"359","Cammi Mensler","1970-10-30","2007-11-01","5","1",""
"360","Sammy McQuaide","1975-03-31","2008-08-16","1","3","3700.00"
"361","Nelli Dunlop","1973-02-16","2017-09-10","3","2","6100.00"
"362","Jill Halfhide","1963-10-17","2012-11-04","1","2",""
"363","Frants Spratley","1977-10-25","2017-10-21","6","2",""
"364","Kaela Albert","1967-08-11","2016-12-22","1","2",""
"365","Birk Storah","1985-05-06","2010-08-06","1","1",""
"366","Consuelo Olivet","1990-10-10","2008-06-03","1","3",""
"367","Abbey Erwin","1964-09-22","2012-09-10","1","2",""
"368","Ulick Kiltie","1990-11-09","2007-04-30","1","1",""
"369","Loralyn Cowles","1976-03-14","2013-08-02","5","2",""
"370","Vivianna Brittlebank","1985-01-01","2014-03-19","1","1",""
"371","Micah Beall","1965-02-21","2011-05-30","1","2","7400.00"
"372","Ebeneser Hackley","1978-01-07","2013-10-23","1","2",""
"373","Timmie Tape","1980-11-14","2016-10-19","2","4",""
"374","Giraldo Matys","1977-02-18","2006-11-04","1","4","12200.00"
"375","Aile Adlington","1985-12-26","2011-10-22","2","4",""
"376","Sapphire Allsobrook","1977-03-28","2020-12-29","1","4",""
"377","Udall Cumpsty","1978-09-07","2006-10-07","1","2",""
"378","Kinna Lantaff","1980-01-20","2005-04-05","1","4",""
"379","Ira Plumridege","1977-02-13","2019-06-10","6","1",""
"380","Megen Ashmore","1972-07-15","2018-03-12","1","2",""
"381","Cecily Couve","1987-07-27","2015-11-15","3","3",""
"382","Marcile Schooling","1973-04-06","2019-02-24","1","2",""
"383","Laney Briar","1985-03-22","2011-07-27","3","4",""
"384","Hildegaard Tester","1969-08-15","2004-05-09","1","1",""
"385","Faber Myderscough","1988-08-28","2010-09-19","1","4",""
"386","Alyse MacCarroll","1979-06-30","2011-01-06","1","3","6100.00"
"387","Juliane McGlashan","1963-02-19","2011-09-21","1","4",""
"388","Jo Mozzetti","1991-07-24","2014-05-23","1","4",""
"389","Alexei Lauchlan","1970-02-17","2008-05-30","1","4","12200.00"
"390","Herc Isbell","1967-06-28","2014-04-03","1","3",""
"391","Jerrie Celand","1987-10-30","2011-10-23","2","3","7400.00"
"392","Binny Dreossi","1964-06-07","2011-09-06","1","2",""
"393","Latisha Rorke","1971-06-10","2015-10-31","1","2",""
"394","Courtenay Ortelt","1987-09-18","2018-02-18","1","3",""
"395","Madonna Ryburn","1992-06-30","2004-04-29","1","1",""
"396","Eveline Lapenna","1965-06-05","2019-02-19","1","2",""
"397","Jami Favelle","1966-11-27","2010-10-16","2","1","6100.00"
"398","Sharl Whatmough","1978-01-21","2006-03-20","1","4","3700.00"
"399","Pattie McNeill","1987-11-06","2020-07-10","6","3",""
"400","Rochell Luberto","1979-05-10","2016-02-21","1","2","6100.00"
"401","Saraann Laidlaw","1980-08-24","2018-11-14","4","2",""
"402","Robena Hotson","1965-06-24","2006-08-17","1","2",""
"403","Royce Bengefield","1991-10-05","2015-03-23","1","4","7400.00"
"404","Desdemona Plomer","1974-12-04","2008-12-30","1","3",""
"405","Christian Trenam","1990-06-19","2010-02-05","1","2",""
"406","Ellery Olner","1980-07-25","2009-05-24","1","4",""
"407","Brok Langdridge","1984-12-26","2017-11-07","1","4",""
"408","Ariel Houchen","1983-09-11","2007-01-12","1","4",""
"409","Herbert Houlton","1978-03-13","2005-09-03","1","2",""
"410","Ferris Gwyer","1977-09-29","2011-02-13","1","3",""
"411","Francklyn Hatherill","1968-10-02","2011-09-24","1","2",""
"412","Margaretha Hancke","1980-05-27","2020-11-05","1","1",""
"413","Nealon Lipgens","1971-11-28","2013-01-09","1","4",""
"414","Delbert Pooly","1988-04-23","2010-10-03","1","1",""
"415","Bax Polack","1989-02-09","2009-05-10","5","1",""
"416","Elspeth Janiszewski","1963-08-27","2012-02-10","1","3",""
"417","Christopher Kinglesyd","1965-03-16","2013-07-11","1","4",""
"418","Marv Denty","1968-06-01","2011-12-19","1","1",""
"419","Charmine Hancox","1985-07-05","2011-12-05","1","4","12200.00"
"420","Moss Bocking","1983-10-07","2018-02-01","1","4",""
"421","Silvan Kenryd","1978-11-17","2005-02-07","1","2",""
"422","Penny Morcomb","1991-07-15","2007-12-30","1","4",""
"423","Tamas Bastiman","1985-10-19","2005-07-18","5","1","7400.00"
"424","Renie Presidey","1975-09-27","2014-12-10","1","4",""
"425","Kalle Woodberry","1983-05-07","2012-10-05","1","4",""
"426","Elyn Millberg","1975-06-15","2015-08-13","1","3",""
"427","Jecho Pollett","1984-02-23","2011-07-12","1","4",""
"428","Ebba Downer","1979-12-30","2016-10-04","1","1",""
"429","Veronique Womack","1992-02-01","2019-08-09","6","2",""
"430","Ilyssa Chittie","1964-06-30","2015-07-11","1","2",""
"431","Estevan Drews","1992-01-31","2016-10-31","2","1",""
"432","Molly Durtnall","1967-08-02","2009-04-14","1","2","3700.00"
"433","Klaus Firk","1963-05-21","2009-09-03","6","1",""
"434","Theodor Morgen","1966-11-12","2020-01-06","1","1",""
"435","Francesco Lynnett","1986-12-05","2008-11-30","3","4",""
"436","Shadow Burnie","1965-09-18","2006-01-21","1","2",""
"437","Nyssa MacGillacolm","1967-09-19","2005-03-14","2","4",""
"438","Gerhardine Nana","1984-04-23","2014-04-11","1","1",""
"439","Coralyn Crow","1980-09-11","2011-07-17","1","3",""
"440","Aimee Neubigin","1970-10-31","2008-02-11","1","4",""
"441","Dionisio Felix","1980-08-13","2016-11-05","3","1",""
"442","Ogden Tester","1965-11-21","2016-05-28","1","3",""
"443","Allard Culver","1974-05-21","2011-12-02","2","2",""
"444","Munmro Sheehan","1976-06-13","2013-11-03","1","2",""
"445","Phillipp O'Dowd","1964-08-08","2020-12-09","1","4",""
"446","Elysha Maryon","1985-07-12","2013-08-16","1","1",""
"447","Coreen Cess","1989-12-27","2011-03-19","2","1",""
"448","Vilhelmina Moine","1971-05-21","2012-11-11","1","3",""
"449","Hynda Dami","1974-05-02","2015-01-18","1","1",""
"450","Gregoire Grzesiak","1972-10-28","2012-12-14","1","3","7400.00"
"451","Babs Bedinn","1979-12-24","2004-02-17","2","3",""
"452","Gabbey Toderini","1963-02-03","2005-04-16","1","3",""
"453","Cully Cayton","1980-03-24","2007-01-22","4","2",""
"454","Kile Sutherden","1980-09-15","2014-07-24","1","2",""
"455","Ingelbert Harrowell","1983-12-16","2017-03-07","1","3","6100.00"
"456","Rufus Moreby","1976-12-12","2006-11-26","1","4",""
"457","Carling de la Tremoille","1986-05-17","2007-11-18","1","3",""
"458","Alard Cooke","1981-01-27","2006-06-18","1","2",""
"459","Anders Dougill","1982-01-10","2009-01-01","1","2","3700.00"
"460","Layton Joye","1979-05-11","2016-06-15","1","3",""
"461","Raddie Twamley","1963-03-30","2010-05-12","5","1",""
"462","Jenda MacKenny","1981-01-05","2017-03-05","1","3","6100.00"
"463","Roobbie Hutcheon","1969-09-14","2009-11-05","1","3",""
"464","Marissa Stivani","1984-11-16","2011-02-24","1","1",""
"465","Averill Mynett","1967-07-20","2013-09-21","1","4",""
"466","Lezley Blackledge","1985-04-22","2006-07-06","1","2",""
"467","Norene Robez","1990-11-14","2007-06-02","2","3",""
"468","Aloysius Tackes","1969-07-18","2014-10-07","1","4",""
"469","Dorothee Chung","1966-09-05","2010-09-05","1","3",""
"470","Myron Phippen","1992-05-15","2017-12-27","1","4",""
"471","Iain Younie","1981-06-19","2013-02-17","3","1",""
"472","Esteban Biasi","1965-07-16","2018-01-25","1","3",""
"473","Mureil MacDermott","1990-09-28","2015-03-18","3","3",""
"474","Salaidh Chawkley","1989-05-02","2017-12-29","1","2",""
"475","Muire Face","1976-03-14","2013-01-19","4","4",""
"476","Kylie Chieze","1967-06-20","2014-02-08","1","1",""
"477","Ambur Kislingbury","1987-10-06","2016-07-08","1","4",""
"478","Berkie Archbell","1985-06-20","2012-11-02","1","1",""
"479","Oriana Whight","1965-03-22","2004-03-26","1","1","12200.00"
"480","Helaina Coxhead","1992-05-29","2006-12-23","1","2",""
"481","Leigha Biaggioni","1963-10-25","2018-02-24","1","3",""
"482","Maggi Denholm","1982-01-29","2010-11-06","1","2",""
"483","Court Burnip","1980-10-25","2012-08-29","4","2",""
"484","Brennen Vearnals","1967-08-23","2008-01-06","1","2","3700.00"
"485","Jaquelyn Layton","1978-08-05","2011-07-17","4","3",""
"486","Wallie Lundbeck","1971-12-30","2013-06-03","1","1",""
"487","Gena Gerardin","1980-08-09","2005-06-22","5","3",""
"488","Zitella Stanex","1989-11-08","2010-12-31","1","4","3700.00"
"489","Perry Bendixen","1989-08-22","2012-01-15","5","4",""
"490","Gail Lugden","1990-02-13","2010-10-27","1","2",""
"491","Myrtle Oliver","1991-12-31","2010-10-05","1","4",""
"492","Maxy Crosseland","1987-08-26","2019-12-24","1","2",""
"493","Rabi Mabley","1966-07-09","2019-05-28","2","2",""
"494","Linda Pendre","1974-09-05","2014-11-16","1","2","6100.00"
"495","Antoinette Bleakley","1986-03-26","2006-06-09","2","3",""
"496","Regan Jerke","1963-08-20","2004-01-16","1","2",""
"497","Cammi Astman","1986-03-30","2018-03-17","6","1",""
"498","Fax Stemp","1990-06-08","2019-09-07","1","3","7400.00"
"499","Ericka Tatlowe","1973-08-05","2004-09-24","4","3",""
"500","Sissie Whiteoak","1967-04-06","2016-09-15","1","1",""
"501","Maure Gilfillan","1986-06-22","2016-03-06","4","4","6100.00"
"502","Paolina Azema","1965-08-23","2009-08-25","1","3",""
"503","Marianna Gerrett","1992-04-15","2012-06-16","6","4",""
"504","Winnie Kebbell","1963-07-04","2004-02-28","1","1",""
"505","Fitzgerald MacNeachtain","1977-03-16","2013-02-21","1","4",""
"506","Georgia Stitcher","1982-02-22","2011-08-31","1","3",""
"507","Janet Coronado","1968-12-07","2020-02-28","1","4",""
"508","Jo Camplen","1964-06-05","2012-11-01","1","2","6100.00"
"509","Garret Wrench","1969-01-24","2006-11-29","1","4",""
"510","Valerye Boik","1971-04-03","2014-12-11","1","1","6100.00"
"511","Erik Gallagher","1962-06-10","2012-10-18","1","1",""
"512","Dorothy Shellsheere","1989-08-17","2012-03-25","1","1",""
"513","Sibyl De Brett","1985-01-22","2006-04-10","5","2","12200.00"
"514","Cherianne Jayume","1974-04-18","2005-10-17","1","2",""
"515","Bernadina Whitesel","1973-04-06","2018-11-20","1","1",""
"516","Tedie Moorhouse","1968-08-01","2018-02-02","1","3",""
"517","Kristo Clericoates","1965-10-01","2020-07-18","1","4",""
"518","Antonie Breton","1978-06-14","2007-02-25","1","2",""
"519","Veronike Sigert","1987-09-19","2012-02-24","6","3",""
"520","Broddie Philipsohn","1965-03-21","2013-10-17","1","1","6100.00"
"521","Carmella Fishwick","1975-05-11","2008-10-13","1","3",""
"522","Thatch Brickstock","1976-08-13","2016-10-22","1","3",""
"523","Rance Mulliner","1972-03-10","2016-09-20","4","1",""
"524","Neils Spolton","1965-10-19","2008-06-01","1","2","12200.00"
"525","Emmi Fery","1973-10-16","2011-01-06","2","4",""
"526","Flss Twede","1990-09-17","2019-06-14","1","1",""
"527","Blithe Back","1976-05-31","2016-03-09","1","1",""
"528","Juliane Bishop","1987-11-24","2005-11-10","1","1",""
"529","Sammy Brettel","1983-11-20","2015-04-04","2","4",""
"530","Gonzalo Diwell","1971-08-31","2005-08-08","1","3",""
"531","Bette-ann Bazeley","1969-06-16","2012-02-27","3","2",""
"532","Allissa Casbolt","1973-01-23","2020-11-07","1","1",""
"533","Fina Loughney","1970-11-23","2012-10-17","1","1","3700.00"
"534","Jessi Edwicker","1976-05-17","2007-10-14","1","4",""
"535","Randee McGaugey","1974-08-16","2011-01-11","4","4",""
"536","Clementius Monte","1978-06-11","2006-08-28","1","1","6100.00"
"537","Evangeline McKune","1964-04-22","2019-07-21","6","1",""
"538","Shaine Bernocchi","1977-02-25","2015-04-17","1","4",""
"539","Rutherford Pounds","1968-09-28","2018-04-02","1","2",""
"540","Otha Georgiev","1962-10-10","2017-03-20","1","3",""
"541","Shalom Ferraretto","1970-03-19","2004-05-07","1","3",""
"542","Lindi De Goey","1976-08-14","2016-06-21","1","3",""
"543","Sibley Lafaye","1964-03-23","2016-08-27","1","1","6100.00"
"544","Ibbie Corbould","1979-10-22","2008-03-08","1","3",""
"545","Taffy Philipard","1985-02-01","2017-12-08","1","3",""
"546","Zondra Vowdon","1972-09-16","2007-04-14","1","3",""
"547","Clarisse Pheazey","1965-02-02","2020-03-11","1","2",""
"548","Conant Lifton","1987-10-17","2010-02-02","1","1",""
"549","Sofie Cresser","1967-01-26","2012-01-01","2","1",""
"550","Vickie Maleby","1991-07-09","2019-01-21","1","3",""
"551","Dew Husset","1984-11-21","2019-01-01","1","3",""
"552","Tull Toal","1991-05-29","2006-10-23","1","2",""
"553","Konrad Lande","1983-10-16","2011-04-19","2","3",""
"554","Ofella Fawdry","1992-05-16","2005-04-17","1","3",""
"555","Leontine Mc Trusty","1962-09-03","2012-03-16","4","2",""
"556","Kristan Bohea","1984-11-27","2013-05-11","1","4","7400.00"
"557","Earvin Barnewall","1982-07-23","2018-12-15","1","1",""
"558","Alvis Gallico","1984-11-24","2016-06-30","1","4","6100.00"
"559","Nikkie Tritton","1988-05-15","2007-05-17","4","2","12200.00"
"560","Ethelbert Airton","1973-04-10","2015-03-22","1","1",""
"561","Hy Garlett","1976-02-25","2005-06-11","1","3",""
"562","Alyce Sinderland","1962-06-14","2018-10-11","1","4",""
"563","Kerwin Chapiro","1970-08-24","2018-11-05","1","2",""
"564","Devina Rounsefull","1988-08-30","2009-01-28","1","3",""
"565","Levin Kingwell","1984-04-24","2018-12-25","2","2",""
"566","Adolphe Duplan","1988-01-13","2012-04-27","1","4",""
"567","Andrea Frodsam","1962-08-26","2005-02-10","1","2","3700.00"
"568","Mae Blackwell","1980-10-04","2017-08-16","1","3",""
"569","Anabella Lander","1968-11-13","2016-10-11","1","3",""
"570","Olvan Toghill","1982-09-15","2010-05-02","1","3",""
"571","Quintina Fleming","1968-03-07","2020-04-06","6","4",""
"572","Hamid Guilliatt","1982-07-11","2006-12-19","1","3",""
"573","Emmerich Osgarby","1979-08-12","2012-10-24","1","2",""
"574","Tymothy Amery","1981-02-19","2017-09-29","1","3",""
"575","Shanna Birtwhistle","1982-07-02","2020-10-04","1","1",""
"576","Ruddy Farmar","1972-06-17","2013-06-07","1","3",""
"577","Billye Conerding","1986-07-14","2018-09-03","2","1","7400.00"
"578","Persis Stainton - Skinn","1979-12-24","2019-12-06","1","1",""
"579","Sandy Scarborough","1985-03-23","2015-04-11","1","2",""
"580","Nadiya Scarf","1981-05-13","2012-12-13","1","1","12200.00"
"581","Andrej Woodrow","1970-01-18","2012-05-03","6","2",""
"582","Maximo Angeli","1979-12-26","2005-01-13","1","3",""
"583","Ravi Kennett","1991-09-18","2018-06-12","1","2",""
"584","Roy Flanaghan","1980-10-20","2011-05-06","1","2",""
"585","Mellisa O'Mailey","1966-10-15","2004-06-08","1","4",""
"586","Peyton Belcher","1970-06-27","2012-07-14","1","2",""
"587","Vilma Crass","1989-08-09","2020-01-15","1","4",""
"588","Phineas Brydie","1963-02-17","2013-04-02","1","3",""
"589","Cheston Gatley","1973-09-16","2011-08-01","1","2",""
"590","Grazia Ablitt","1992-04-27","2011-06-18","1","3",""
"591","Putnam Traise","1978-05-13","2012-02-20","6","1",""
"592","Lorrie McLukie","1965-06-20","2014-01-21","1","3",""
"593","Lonna Jugging","1980-03-11","2006-05-17","5","4",""
"594","Wylie Searchwell","1967-07-11","2020-07-15","1","4",""
"595","Kissie Vsanelli","1982-10-15","2016-06-24","4","1",""
"596","Farrand Rubee","1985-07-21","2011-11-08","1","1",""
"597","Carolee Nicholson","1976-10-09","2015-03-02","1","4",""
"598","Philomena Hubbock","1977-08-24","2018-07-13","1","1",""
"599","Windham Goodin","1986-02-07","2020-02-14","1","2",""
"600","Teddie Colvie","1987-02-24","2005-01-07","1","2",""
"601","Nara Killwick","1972-10-02","2005-01-17","4","2",""
"602","Juanita Tortice","1978-10-29","2009-02-07","1","3","3700.00"
"603","Adair Kytley","1970-05-21","2012-03-13","3","2",""
"604","Enid Petkov","1989-07-07","2020-12-05","1","2",""
"605","Kenna Sanderson","1971-10-17","2009-06-20","6","2","12200.00"
"606","Bary Flemming","1978-08-21","2007-11-09","1","3",""
"607","Donnie Deetlof","1979-09-18","2017-02-05","5","2",""
"608","Drusi Prendergrast","1986-08-02","2018-11-09","1","2",""
"609","Pearle Trousdell","1963-10-14","2019-04-20","1","4",""
"610","Welsh Thridgould","1990-04-30","2010-07-09","1","4","3700.00"
"611","Monty Gooch","1970-08-25","2013-06-21","1","3",""
"612","Francesca Carlyon","1991-01-04","2017-03-14","1","1",""
"613","Derron Blackesland","1972-03-06","2017-02-03","1","1",""
"614","Margy Levis","1962-04-03","2007-07-03","1","2","3700.00"
"615","Gina Coomes","1988-09-16","2019-08-15","5","2",""
"616","Carlotta Morffew","1974-06-08","2014-07-25","1","1",""
"617","Garrard Jewell","1992-02-09","2016-12-09","4","2",""
"618","Shellysheldon Bonavia","1991-10-29","2019-06-27","1","4",""
"619","Cathe Halliburton","1968-11-27","2015-09-27","1","1",""
"620","Alysia Matchett","1978-09-12","2009-07-08","1","1","12200.00"
"621","Joe Jellybrand","1971-02-23","2008-09-06","2","3",""
"622","Lesly Loggie","1991-07-27","2005-06-06","1","3",""
"623","Sal Krammer","1976-11-10","2013-11-11","2","4",""
"624","Robbert Mariner","1969-08-02","2011-02-06","1","1",""
"625","Lory MacInerney","1976-02-10","2007-11-08","2","3",""
"626","Sean Stiebler","1974-11-15","2017-01-11","1","3",""
"627","Gray Odda","1971-01-31","2018-05-09","5","1",""
"628","Miriam Gerdes","1965-02-05","2014-06-11","1","3",""
"629","Janey Frain","1962-03-18","2016-04-22","4","4",""
"630","Belita Wayvill","1973-07-18","2010-01-31","1","1","6100.00"
"631","Lavina Rickcord","1992-09-06","2006-06-12","5","2",""
"632","Julietta Ollington","1966-01-07","2017-07-01","1","1",""
"633","Orv Feilden","1962-06-09","2005-10-15","6","3","3700.00"
"634","Sandi Malek","1991-09-04","2017-11-20","1","4",""
"635","Erna Delle","1987-05-01","2005-08-12","2","2",""
"636","Lester Faithfull","1964-07-04","2010-05-27","1","4","6100.00"
"637","Tedda Braithwaite","1984-02-19","2011-05-06","1","4","7400.00"
"638","Siegfried Drinkale","1985-03-19","2008-06-14","1","1",""
"639","Myrtie Kornacki","1967-03-28","2012-06-23","4","2","3700.00"
"640","Kizzee Tyer","1977-02-02","2019-11-23","1","3",""
"641","Domenic Le Conte","1992-07-12","2017-10-26","4","3",""
"642","Shelby Redmayne","1968-03-24","2018-05-24","1","4",""
"643","Lacy Dyball","1982-10-08","2006-04-15","1","4",""
"644","Lucie Biasi","1989-08-11","2017-10-28","1","4",""
"645","Merralee Rivitt","1981-07-01","2007-12-18","2","1",""
"646","Chloe Buttress","1982-03-09","2006-09-26","1","4",""
"647","Batholomew Vasentsov","1973-07-11","2013-05-22","1","3",""
"648","Pet Napper","1990-04-06","2004-11-30","1","4",""
"649","Newton Dobbins","1986-04-22","2018-04-22","2","3",""
"650","Titos Binden","1970-12-12","2018-02-23","1","4",""
"651","Tailor Carik","1990-01-05","2005-04-03","5","1",""
"652","Doralynn Pashler","1987-08-12","2005-11-07","1","1",""
"653","Halette Sandever","1970-06-26","2012-10-06","1","3",""
"654","Conan Gilffillan","1982-09-02","2015-01-16","1","1","6100.00"
"655","Marya Boyda","1972-03-19","2012-10-29","5","1",""
"656","Nada Slemmonds","1962-08-28","2019-01-21","1","3",""
"657","Camala Stocks","1970-09-22","2018-03-24","2","2",""
"658","Rockey Hendren","1981-11-18","2010-08-09","1","4",""
"659","Edouard Northwood","1976-05-07","2012-05-11","1","3",""
"660","Eugenie Masse","1986-02-10","2004-04-03","1","1",""
"661","Melantha Awin","1978-07-03","2016-11-15","1","2",""
"662","Ddene Prantoni","1976-02-07","2010-06-27","1","3",""
"663","Ebenezer Allnutt","1976-01-25","2007-03-22","1","3",""
"664","Elroy Calverley","1991-10-17","2007-03-11","1","2",""
"665","Sarette Cousen","1986-07-25","2015-01-01","1","3",""
"666","Selinda Welden","1984-08-25","2005-10-19","1","1",""
"667","Briano Cockrem","1973-08-27","2019-11-03","4","2",""
"668","Margie Giacobazzi","1987-11-18","2010-04-07","1","2",""
"669","Karoline Chander","1988-09-10","2004-01-10","1","2",""
"670","Elonore Manlow","1976-09-28","2012-01-03","1","4",""
"671","Oates Pawlett","1984-09-17","2018-06-14","4","1",""
"672","Lonnie Glanester","1989-05-18","2005-11-20","1","4",""
"673","Susan Naisby","1973-01-21","2020-04-01","5","3",""
"674","Janel Crawshaw","1982-04-02","2007-05-07","1","4",""
"675","Kaylyn Thiem","1974-07-09","2009-09-02","1","1","6100.00"
"676","Silvio Sucre","1966-01-24","2010-03-16","1","1",""
"677","Goldi Cornely","1972-09-30","2006-10-13","3","3",""
"678","Genia Geering","1976-03-06","2005-03-19","1","1",""
"679","Hammad Frid","1982-10-16","2020-10-03","1","1",""
"680","Tori Searston","1963-08-29","2016-04-29","1","1",""
"681","Aloisia Medler","1973-03-19","2019-07-27","2","1",""
"682","Queenie MacNeill","1969-04-24","2008-04-13","1","1",""
"683","Gena Boardman","1984-12-10","2012-03-05","2","3",""
"684","Bill Rylstone","1964-05-16","2015-09-07","1","1",""
"685","Vladimir Pickerill","1970-03-12","2012-05-07","2","4",""
"686","Milo Malek","1983-01-07","2011-10-22","1","4",""
"687","Boigie Scogin","1992-03-05","2004-06-08","1","4",""
"688","Eugenio Coatsworth","1974-01-19","2015-09-30","1","1",""
"689","Verne Haddleton","1992-09-30","2007-04-26","1","1",""
"690","Hansiain Suermeier","1989-09-02","2014-05-06","1","1",""
"691","Herrick Vuitte","1975-06-14","2018-07-01","1","2","12200.00"
"692","Candida Sweed","1979-02-17","2017-07-17","1","1",""
"693","Gabrila Loddy","1963-01-23","2019-05-01","2","1",""
"694","Murial Kermott","1970-08-05","2011-11-16","1","2",""
"695","Joly Nafzger","1989-09-28","2011-01-14","6","3",""
"696","Benedick Gwalter","1981-09-26","2016-06-21","1","3","12200.00"
"697","Cristine Mattes","1979-11-25","2009-01-20","1","3",""
"698","Blaine Keeney","1991-01-30","2012-04-28","1","4",""
"699","Kim Kernocke","1966-01-21","2008-03-23","5","2",""
"700","Man Triner","1985-09-26","2007-08-08","1","1",""
"701","Jen Pulster","1967-06-26","2012-03-27","5","2","3700.00"
"702","Aurea Amiss","1987-12-23","2007-07-17","1","3",""
"703","Bruis Hierro","1981-03-18","2005-11-03","1","2",""
"704","Pete Nunes Nabarro","1970-11-22","2004-09-23","1","3",""
"705","Mordy Prine","1978-05-14","2018-05-22","6","1","3700.00"
"706","Tierney Allam","1971-05-05","2010-07-24","1","2",""
"707","Benedetta Songhurst","1992-04-16","2014-04-01","1","1",""
"708","Jeane Brand-Hardy","1964-02-08","2007-07-07","1","3",""
"709","Rania Jirek","1983-02-16","2006-06-28","4","1",""
"710","Kin Carreck","1974-03-03","2009-01-03","1","1",""
"711","Rhiamon Ungerechts","1988-06-23","2013-10-26","1","2",""
"712","Brock Hincks","1985-12-14","2006-05-11","1","4",""
"713","Bertie De Morena","1974-12-06","2004-11-06","1","3",""
"714","Konrad Beston","1965-08-23","2005-01-21","1","2","6100.00"
"715","Paton Sharer","1978-05-14","2004-05-01","1","3",""
"716","Elfrieda Stoyles","1966-01-22","2018-07-01","1","3",""
"717","Ade Whightman","1973-04-02","2017-05-03","1","3",""
"718","Ileane Bond","1984-01-25","2010-08-21","1","2","3700.00"
"719","Ronnie Charrette","1983-08-25","2006-03-08","1","4",""
"720","Yasmin Husselbee","1986-06-30","2009-08-18","1","1",""
"721","Ker Trollope","1985-05-20","2008-12-08","3","2",""
"722","Guenna Yglesia","1970-11-13","2007-07-27","1","3",""
"723","Artie Wimbury","1969-09-09","2015-07-01","5","1",""
"724","Cherish Cartmael","1970-07-18","2020-12-19","1","4",""
"725","Mallorie Mansfield","1973-05-20","2015-05-09","2","1","7400.00"
"726","Hilario Coon","1991-08-05","2004-01-07","1","3",""
"727","Lawry Mehew","1972-07-19","2015-10-11","1","1",""
"728","Leighton Ward","1992-03-21","2010-09-13","1","1",""
"729","Westbrook Scartifield","1990-03-16","2018-05-03","1","2",""
"730","Kilian Eady","1983-05-22","2010-06-16","1","1","6100.00"
"731","Teirtza Corkel","1977-04-30","2013-03-15","1","1",""
"732","Dino Scherer","1967-10-08","2013-07-04","1","3",""
"733","Grenville Daunay","1968-12-02","2007-08-09","4","2",""
"734","Dukey Chinnock","1973-09-14","2014-03-29","1","1",""
"735","Orland McWhin","1982-01-28","2017-08-01","1","4",""
"736","Rickie Rosin","1981-08-30","2012-03-18","1","2",""
"737","Cy Helstrip","1980-01-23","2011-04-20","1","4",""
"738","Austine Wurst","1969-03-26","2004-10-28","1","1",""
"739","Arleen Wombwell","1992-07-02","2020-02-01","5","1",""
"740","Greer Khrishtafovich","1970-03-30","2020-01-29","1","3","3700.00"
"741","Luigi Francesco","1974-09-05","2014-10-16","2","4",""
"742","Trixy Grimston","1970-03-08","2011-01-09","1","1",""
"743","Perl French","1975-03-01","2013-02-05","1","2",""
"744","Mallory Stronough","1963-05-26","2015-12-01","1","2",""
"745","Chancey Fielden","1978-01-06","2013-06-02","1","2","12200.00"
"746","Meier Malinson","1969-12-02","2017-04-04","1","1",""
"747","Elianora Panketh","1978-12-05","2019-11-04","1","1",""
"748","Alberik Schutt","1963-10-04","2017-01-30","1","4",""
"749","Dell Pocke","1964-01-19","2015-07-21","5","4",""
"750","Ranee Terron","1962-12-09","2014-11-02","1","3",""
"751","Daryl Billows","1962-07-24","2019-04-30","1","1",""
"752","Jilli Philcock","1969-11-23","2007-04-14","1","4",""
"753","Jocelin Shitliffe","1975-02-09","2012-12-21","1","3",""
"754","Terrence Macura","1973-09-17","2004-01-16","1","1",""
"755","Jareb Ollivier","1989-09-02","2010-07-10","3","1",""
"756","Stanfield Haugg","1988-06-09","2009-06-27","1","1","7400.00"
"757","Kearney Darwen","1991-08-31","2013-10-27","2","1","3700.00"
"758","Ripley Proctor","1982-04-02","2014-07-12","1","3",""
"759","Conan Nutkin","1988-07-01","2017-10-27","5","4",""
"760","Aila Hinkins","1969-06-07","2014-03-03","1","3",""
"761","Denni Sparkes","1964-06-30","2016-05-23","3","3",""
"762","Trenna O'Lenechan","1976-11-09","2013-04-20","1","4",""
"763","Rahel Carrabot","1964-09-16","2006-04-18","1","1",""
"764","Clemence Hartnell","1975-10-08","2007-08-12","1","2",""
"765","Byrom Pipe","1992-10-25","2020-01-16","1","4",""
"766","Dorene Rooney","1977-10-25","2008-06-10","1","4",""
"767","Freddie Lichfield","1990-01-30","2017-08-15","1","3",""
"768","Ulrike Creevy","1985-05-20","2012-05-27","1","4",""
"769","Otto Broadis","1980-09-07","2009-07-08","2","2",""
"770","Ephraim Bullcock","1991-02-24","2018-07-31","1","3","7400.00"
"771","Jilleen Goodoune","1972-12-03","2015-01-21","2","2","3700.00"
"772","Bryant Laurenson","1969-07-31","2014-05-28","1","4",""
"773","Garrot Bernardotte","1980-03-08","2007-06-29","1","4",""
"774","Theodore Ansley","1965-07-06","2008-08-28","1","1","12200.00"
"775","Kira Fisbey","1977-07-14","2017-05-06","4","4",""
"776","Robin Hurnell","1981-03-31","2006-02-14","1","2",""
"777","Suzanna Whisby","1973-04-14","2014-04-11","1","1",""
"778","Lisette Sanger","1965-10-05","2005-03-07","1","2",""
"779","Conant Huncote","1974-10-01","2005-11-20","1","2",""
"780","Eloise Flew","1982-12-05","2005-05-27","1","1","12200.00"
"781","Joaquin Cardiff","1987-07-15","2020-03-26","4","3",""
"782","Cathe Tinkler","1969-02-08","2008-09-07","1","1",""
"783","Christoffer Wadeson","1964-04-26","2008-07-05","1","2",""
"784","Emlyn Seedman","1964-06-08","2004-02-18","1","3",""
"785","Burk Brewerton","1985-06-08","2020-02-12","1","4","3700.00"
"786","Tierney Skoggings","1975-08-02","2007-09-26","1","3",""
"787","Sigmund Gaiter","1963-10-08","2005-01-11","5","2",""
"788","Dionis Dennehy","1970-07-07","2014-02-22","1","4",""
"789","Griffie Hayter","1992-06-08","2010-03-14","1","3",""
"790","Latia Hubbis","1977-02-22","2007-05-25","1","3",""
"791","Jilli Pallent","1981-11-10","2015-05-26","4","1",""
"792","Lilith Pietersma","1991-03-16","2013-10-09","1","4","3700.00"
"793","Renado Stockley","1975-10-30","2011-03-28","5","1",""
"794","Sauveur Biasotti","1980-07-16","2008-05-02","1","4",""
"795","Gray Kuban","1987-10-07","2020-04-23","2","2","6100.00"
"796","Tybie McGinley","1982-02-16","2007-11-28","1","1",""
"797","Hatti Shortland","1971-02-03","2016-09-20","1","1",""
"798","Raffarty Reglar","1976-02-20","2018-12-30","1","2",""
"799","Car Airds","1965-02-24","2010-08-30","2","2",""
"800","Nickie Fuster","1971-06-23","2019-01-18","1","1",""
"801","Tess Marousek","1962-06-21","2018-07-28","2","4","7400.00"
"802","Gael Maffeo","1974-04-22","2017-01-27","1","2",""
"803","Alair Combe","1983-11-17","2018-12-04","5","1",""
"804","Alia Whitten","1990-08-30","2014-04-09","1","3",""
"805","Viola Jann","1969-01-07","2005-10-12","2","4","6100.00"
"806","Grace Hessentaler","1970-03-29","2007-08-18","1","3","6100.00"
"807","Velvet Allaker","1965-10-02","2010-04-01","5","4",""
"808","Ingrid Keast","1972-09-30","2018-04-07","1","4",""
"809","Hildy Rablin","1983-11-21","2008-07-19","1","2","7400.00"
"810","Conan Durrand","1991-09-05","2020-02-11","1","3",""
"811","Freddi Kenafaque","1990-09-05","2008-11-28","5","4",""
"812","Rahel Yon","1992-12-26","2009-10-07","1","3",""
"813","Timothy Postans","1977-11-25","2007-05-03","1","3",""
"814","Filippo Tisun","1980-05-02","2011-03-26","1","4",""
"815","Dodi Fowkes","1979-08-19","2020-03-16","5","2",""
"816","Lorelei Cossentine","1989-09-14","2017-06-13","1","2",""
"817","Olwen Mowsdell","1967-05-28","2012-01-14","5","4",""
"818","Kelcey Loftin","1988-03-03","2020-11-09","1","4",""
"819","Nikki Rentz","1982-10-13","2012-09-07","1","3",""
"820","Gavrielle Virgo","1967-08-02","2016-02-05","1","1",""
"821","Abdel Becom","1964-07-18","2014-10-15","4","4","7400.00"
"822","April Kilbee","1991-11-24","2010-09-07","1","3","6100.00"
"823","Crystal Eltun","1977-11-10","2017-02-10","5","4",""
"824","Isaac Sherrett","1974-03-15","2015-10-25","1","4",""
"825","Todd Tetlow","1964-10-30","2020-07-06","6","2","6100.00"
"826","Buddie Willcox","1992-08-03","2005-10-15","1","3",""
"827","Bessy Alenichicov","1976-08-25","2006-06-01","1","3",""
"828","Jimmy Mordacai","1972-02-06","2011-09-30","1","3",""
"829","Giraud Wilfing","1988-10-31","2008-12-14","3","3",""
"830","Cati Stilgoe","1973-10-02","2011-05-30","1","1",""
"831","Ingelbert Jardein","1992-06-03","2012-07-01","1","1","3700.00"
"832","Bradly Abriani","1968-10-12","2018-12-04","1","3",""
"833","Myer Pocklington","1962-03-10","2012-07-14","5","4","7400.00"
"834","Pammy McDoual","1966-04-16","2006-06-20","1","1",""
"835","Amerigo Chadburn","1968-02-20","2020-08-10","1","4",""
"836","Amalita Kiffe","1970-02-17","2013-02-11","1","2",""
"837","Delaney Vigar","1973-07-04","2019-04-22","5","1",""
"838","Silva Downes","1977-01-24","2017-05-14","1","2",""
"839","Harlen Burdon","1965-07-04","2014-05-01","1","3","6100.00"
"840","Emmalee Hadlee","1972-01-07","2017-05-06","1","3","12200.00"
"841","Cookie Drees","1986-07-30","2010-08-22","4","3",""
"842","Birdie Ryott","1965-05-13","2015-03-20","1","3",""
"843","Bert Scarre","1970-08-16","2014-07-19","3","4",""
"844","Koren Jeannet","1982-03-19","2007-08-26","1","1",""
"845","Hale Padley","1977-08-18","2015-08-25","1","4",""
"846","Agatha Stayte","1981-10-07","2016-09-16","1","3","3700.00"
"847","Babette Aggas","1986-12-10","2010-06-16","1","2","7400.00"
"848","Deanna Surman-Wells","1982-09-19","2009-05-01","1","3",""
"849","Iain Breadmore","1963-08-09","2005-07-15","4","4",""
"850","Melesa Beernaert","1964-12-30","2012-02-26","1","4",""
"851","Leonora Fulmen","1980-05-23","2011-09-03","2","1","12200.00"
"852","Marthena Hail","1976-10-31","2010-01-04","1","2","6100.00"
"853","Jillana O'Garmen","1970-08-05","2004-05-03","1","4",""
"854","Jaclin Raftery","1992-07-29","2017-07-13","1","3",""
"855","Andrew Ridsdole","1965-08-09","2005-11-19","3","2",""
"856","Madelaine Tellenbach","1967-04-21","2013-09-10","1","2",""
"857","Antonietta Rainford","1974-06-06","2017-08-03","4","3",""
"858","Marj Dufoure","1974-10-10","2004-04-23","1","2",""
"859","Lulita Melbury","1968-09-29","2014-05-28","1","4",""
"860","Tonia Purdie","1970-03-23","2019-06-15","1","3",""
"861","Renate Ogle","1966-12-17","2011-10-30","1","3",""
"862","Wayland Weins","1991-01-20","2013-09-20","1","2","6100.00"
"863","Nicki Enion","1979-04-10","2015-07-26","4","4",""
"864","Dita Cesconi","1984-08-09","2019-12-03","1","1",""
"865","Esther Camelli","1983-12-09","2011-08-02","1","1","7400.00"
"866","Agnesse Trevarthen","1972-08-30","2012-03-24","1","4",""
"867","Naomi Donaldson","1970-11-04","2007-08-31","3","3",""
"868","Valerye Allnutt","1987-01-12","2019-12-23","1","4",""
"869","Gladys Smardon","1964-01-13","2018-06-16","1","1",""
"870","Cleve Box","1969-06-23","2016-08-31","1","2",""
"871","Delora Pullar","1979-08-21","2013-03-16","5","1","7400.00"
"872","Doll Cussons","1981-01-10","2018-04-27","1","3",""
"873","Parke Eam","1980-01-19","2018-01-29","2","3",""
"874","Nesta Quirke","1967-08-13","2008-10-07","1","2",""
"875","Sunny Woodburn","1963-03-15","2008-02-18","1","3",""
"876","Floyd Lusher","1962-09-16","2016-12-09","1","4",""
"877","Salmon Angeli","1976-01-21","2006-07-15","1","2",""
"878","Engelbert Varran","1972-03-01","2018-03-25","1","1","7400.00"
"879","Jehu Ayrton","1982-02-14","2005-08-12","1","1",""
"880","Nonah Ventham","1970-03-14","2019-04-30","1","4",""
"881","Tyne Allewell","1979-04-12","2007-01-14","2","2",""
"882","Lion Balharrie","1966-10-15","2013-07-31","1","2",""
"883","Silva Skydall","1963-11-27","2013-11-30","5","1",""
"884","Lennie Newey","1982-01-19","2019-04-15","1","1",""
"885","Annadiane Lamont","1968-06-17","2008-09-22","5","3",""
"886","Ciel Easseby","1974-11-10","2013-11-18","1","2",""
"887","Den Clements","1984-11-09","2006-09-08","3","2","12200.00"
"888","Bethena Bayford","1977-11-07","2019-09-08","1","4",""
"889","Sunny Liddicoat","1964-05-22","2012-10-25","3","3","3700.00"
"890","Carr Pimlock","1965-09-28","2017-06-13","1","3",""
"891","Leland Dunkerton","1974-06-23","2007-02-01","1","4",""
"892","De witt Bedbrough","1991-04-05","2011-04-05","1","2",""
"893","Anders Nanuccioi","1964-07-04","2009-08-20","4","1",""
"894","Moses Carlett","1964-04-02","2016-12-19","1","4","3700.00"
"895","Anna-diana Fancourt","1976-02-11","2007-11-21","3","3",""
"896","Modesty Raccio","1984-11-10","2020-10-07","1","4",""
"897","Felicio Heighway","1983-07-28","2007-08-07","1","3","3700.00"
"898","Hillard Hiland","1964-04-18","2005-12-16","1","1",""
"899","Linea Harms","1989-06-07","2006-07-05","1","4","7400.00"
"900","Yvonne Jirusek","1977-01-11","2006-04-06","1","2",""
"901","Yasmeen Tregaskis","1992-03-27","2019-10-24","5","4",""
"902","Dolly Argontt","1992-02-24","2012-06-15","1","4",""
"903","Wallache Chislett","1964-11-30","2012-06-09","1","1",""
"904","Amalie Lumbers","1988-04-20","2006-04-09","1","3",""
"905","Charlene Poure","1968-06-16","2008-11-07","1","1","7400.00"
"906","Nikolia Riseam","1984-06-30","2013-07-11","1","4",""
"907","Noelle Prattin","1966-07-31","2016-11-23","6","3",""
"908","Andrey Tokell","1972-08-29","2004-12-29","1","3",""
"909","Alina Paumier","1988-09-09","2004-05-28","2","3","12200.00"
"910","Tabby Charnley","1988-11-20","2014-11-22","1","4","3700.00"
"911","Blythe Donnel","1965-10-30","2010-09-19","1","3",""
"912","Sanson Schwandt","1990-07-18","2005-04-22","1","3",""
"913","Allys Linton","1982-08-22","2006-08-04","6","2",""
"914","Waldo MacGovern","1969-08-03","2014-01-18","1","3",""
"915","Franz Marquess","1966-03-02","2020-04-23","2","1",""
"916","Bevvy Gilberthorpe","1987-08-13","2017-03-20","1","1",""
"917","Bevvy Canadas","1987-01-09","2006-05-05","1","1",""
"918","Otha Copcutt","1990-09-24","2015-01-07","1","2",""
"919","Clive Rouby","1963-07-12","2016-10-13","4","1","3700.00"
"920","Cal Mapother","1976-03-01","2015-08-25","1","1",""
"921","Merrill Figura","1977-09-26","2016-08-21","4","1","6100.00"
"922","Rickey Lingwood","1981-07-08","2016-04-08","1","1",""
"923","Carlo Marfe","1977-11-11","2020-07-04","4","3",""
"924","Selina Radin","1975-09-25","2010-02-26","1","1","3700.00"
"925","Aeriela Ryman","1967-05-04","2010-01-22","5","1",""
"926","Martica Harkess","1972-04-18","2014-08-18","1","4",""
"927","Prudi Dulinty","1962-10-06","2004-08-25","5","3",""
"928","Conant Ricciardi","1988-01-01","2014-11-26","1","2",""
"929","Maddalena Goodinson","1963-02-05","2017-01-01","5","1",""
"930","Cello Ogan","1985-04-11","2015-10-15","1","1","7400.00"
"931","Michelle Duddell","1970-11-28","2015-07-22","1","3","12200.00"
"932","Lester Tremayne","1978-07-09","2017-03-17","1","2",""
"933","Ines Howatt","1986-02-10","2006-05-18","1","3",""
"934","Odelia Jowle","1989-12-06","2013-03-07","1","2",""
"935","Wynn MacDuffie","1979-09-27","2004-09-12","2","1",""
"936","Ruperto Vakhrushev","1985-01-03","2009-03-27","1","3",""
"937","Almeria Corssen","1963-05-18","2018-02-09","4","2",""
"938","Valle Treversh","1963-11-26","2020-12-14","1","3",""
"939","Laurella Symcoxe","1979-12-08","2014-08-14","5","1",""
"940","Kirsten Magister","1969-11-05","2018-07-31","1","3",""
"941","Neel Witch","1964-11-10","2011-07-04","1","3",""
"942","Leonora Franceschielli","1988-06-08","2015-07-17","1","2","6100.00"
"943","Ulrikaumeko Swepstone","1969-11-08","2015-10-19","2","3",""
"944","Tiffani Northey","1971-06-30","2006-01-06","1","1",""
"945","Harriot Aspenlon","1962-11-13","2010-01-29","1","4",""
"946","Wilhelm Dunkerton","1990-07-10","2020-08-20","1","2","6100.00"
"947","Adelaida Johnsson","1977-07-28","2017-02-12","1","3",""
"948","Wendeline MacCostigan","1968-09-29","2007-06-02","1","1","12200.00"
"949","Charmane Mummery","1991-05-17","2020-06-28","1","1",""
"950","Tomi Jori","1984-04-01","2018-07-04","1","1","7400.00"
"951","Merrile Bonnette","1976-12-19","2020-03-18","3","3",""
"952","Clemmie Edwin","1980-10-18","2015-07-31","1","3",""
"953","Thaine Kaley","1981-06-19","2018-12-19","1","4",""
"954","Trish Kinnen","1978-05-02","2007-02-20","1","4",""
"955","Meridel Claibourn","1992-05-25","2005-10-04","1","2",""
"956","Lotta McReedy","1962-05-09","2020-08-18","1","3",""
"957","Nerissa Winsiowiecki","1969-11-28","2019-06-23","6","1",""
"958","Fredric Andino","1963-07-21","2006-11-19","1","1",""
"959","Florri Surgen","1985-08-20","2013-10-25","3","2",""
"960","Lorianna Gemelli","1981-10-11","2017-04-29","1","1",""
"961","Juliana Olphert","1962-07-04","2014-10-31","1","1",""
"962","Tim Gladyer","1984-06-20","2010-07-28","1","1",""
"963","Bax McVane","1981-10-18","2014-08-06","1","2",""
"964","Alayne Bere","1978-11-18","2005-11-11","1","4",""
"965","Olivie Borman","1989-09-09","2007-07-13","3","1",""
"966","Nikolaos Piell","1990-05-01","2014-08-13","1","1",""
"967","Pasquale Parsonson","1985-10-20","2005-08-30","3","4",""
"968","Oswell Flewin","1973-01-07","2011-12-01","1","3",""
"969","Emelina McGerr","1992-01-24","2018-12-25","1","3",""
"970","Melli Yannoni","1991-07-28","2013-01-19","1","4",""
"971","Rutledge Di Pietro","1965-07-17","2013-03-15","6","3",""
"972","Raymond Ibbett","1988-04-10","2015-09-12","1","1",""
"973","Tyrus Lennarde","1965-01-11","2016-11-25","6","2",""
"974","Siward Kadar","1984-01-18","2008-08-21","1","4",""
"975","Cecil Wilmott","1986-09-06","2004-03-11","2","1",""
"976","Kaila Tugwell","1969-08-10","2020-06-23","1","4",""
"977","Joanna Ullyatt","1974-02-08","2013-12-29","1","1",""
"978","Lida Wallage","1972-08-24","2016-04-12","1","2",""
"979","Clarey Blamire","1987-05-09","2011-10-28","5","1",""
"980","Dorita Thacker","1985-10-04","2008-12-23","1","1",""
"981","Hilary Austing","1985-01-18","2018-11-08","1","2",""
"982","Tildi Mancer","1992-06-09","2013-02-28","1","3",""
"983","Myrwyn Howood","1975-03-16","2015-12-20","1","3",""
"984","Moses Dance","1975-05-28","2015-05-01","1","2",""
"985","Sharline McKernan","1975-11-02","2006-03-29","1","3",""
"986","Worthy Jeannot","1980-11-14","2013-04-06","1","2",""
"987","Lew Balloch","1972-06-03","2014-09-04","1","4",""
"988","Ethan Orrum","1973-01-07","2014-12-06","1","2",""
"989","Elise Spiniello","1987-11-22","2005-01-14","4","2",""
"990","Alvin Dronsfield","1991-08-11","2018-08-03","1","2",""
"991","Marti O'Roan","1983-03-16","2019-06-28","1","1",""
"992","Viv Duffet","1976-12-31","2006-07-05","1","1","7400.00"
"993","Joane Cockburn","1987-03-31","2018-10-22","4","2","12200.00"
"994","Jaime Gatteridge","1972-06-14","2011-07-21","1","3",""
"995","Madelon Cayser","1967-07-14","2019-12-27","4","1","7400.00"
"996","Cal McCrossan","1974-03-18","2020-09-13","1","3",""
"997","Madelyn Tolmie","1986-11-24","2004-09-18","5","1",""
"998","Dione Ledgister","1967-10-31","2013-08-17","1","3",""
"999","Byron Halden","1987-08-29","2014-09-23","1","4","12200.00"
"1000","Nye MacCawley","1992-03-02","2009-01-05","1","3",""
"1001","Evyn Escreet","1992-09-25","2017-06-23","1","3",""
"1002","Chelsae Ambrogetti","1990-02-04","2006-02-26","1","4",""
"1003","Jeffie Iacapucci","1989-05-22","2006-04-26","2","2",""
"1004","Mar Adrienne","1975-05-06","2019-04-05","1","3",""
"1005","Nyssa Lindeman","1983-12-21","2020-05-03","4","4",""
"1006","Sibylle Fenners","1972-02-12","2012-02-27","1","1",""
"1007","Matthaeus Hillen","1968-03-07","2018-05-22","1","3",""
"1008","Javier Clementel","1972-11-15","2009-06-23","1","2",""
"1009","Cassandra Van Arsdale","1962-10-19","2019-04-19","2","1",""
"1010","Jamal Tapenden","1979-03-02","2020-07-02","1","1",""
"1011","Cam Deerness","1991-01-25","2017-02-25","1","3","12200.00"
"1012","Catharina Orrobin","1981-12-22","2012-02-18","1","4","3700.00"
"1013","Terrill Oldacre","1962-12-04","2016-11-20","2","4",""
"1014","Ellynn Papworth","1981-03-02","2009-09-06","1","3",""
"1015","Ayn Clavey","1962-08-15","2012-10-31","3","4",""
"1016","Janeczka Gilby","1983-05-16","2014-12-02","1","4",""
"1017","Ennis Gregolotti","1978-11-06","2014-02-18","1","4",""
"1018","Farlee Davydochkin","1967-01-18","2020-03-17","1","1","7400.00"
"1019","Sallie Bedle","1976-06-03","2009-06-25","4","1",""
"1020","Gregg Elfitt","1973-09-27","2011-12-30","1","1",""
"1021","Townsend Tolchard","1968-10-10","2016-09-06","1","4",""
"1022","Quillan Spafford","1968-10-14","2016-09-08","1","3",""
"1023","Hermina Hurren","1980-11-11","2019-09-04","1","4",""
"1024","Phillida Showalter","1964-11-17","2007-05-07","1","1","3700.00"
"1025","Merry Potteridge","1988-11-10","2017-10-14","5","3",""
"1026","Stesha Methuen","1990-05-09","2012-11-10","1","1",""
"1027","Deck Gittings","1992-08-05","2010-10-24","2","1",""
"1028","Consolata Mullender","1986-10-02","2019-04-24","1","2",""
"1029","Audrie Duplock","1978-10-16","2020-01-29","6","2",""
"1030","Stanislaw Mowsley","1979-07-17","2020-08-18","1","1",""
"1031","Gilles Littrell","1986-09-22","2010-12-06","5","2",""
"1032","Emelia Fieldsend","1968-12-22","2006-07-06","1","4",""
"1033","Catherine Sambells","1963-06-28","2011-10-04","1","2",""
"1034","Gerard Dollar","1988-06-20","2004-10-24","1","1","12200.00"
"1035","Sisile Coddington","1967-03-24","2006-11-05","4","4",""
"1036","Ezri Bockh","1991-12-25","2014-08-08","1","2",""
"1037","Glyn Leates","1967-06-28","2014-03-26","6","4",""
"1038","Bartolomeo Curryer","1985-03-14","2006-01-14","1","3",""
"1039","Lauren Youell","1981-02-07","2005-08-19","6","3",""
"1040","Salim Levesque","1989-04-24","2013-08-10","1","1",""
"1041","Wilma Hymus","1964-02-12","2012-10-06","1","1",""
"1042","Janela Brosetti","1972-07-15","2005-05-03","1","2",""
"1043","Sue Dayton","1987-02-24","2005-08-16","2","1",""
"1044","Anny Bohlin","1985-01-18","2007-01-15","1","3",""
"1045","Earle Bindin","1985-08-09","2010-02-19","4","3",""
"1046","Damaris Cree","1965-06-21","2019-05-09","1","3",""
"1047","Bax Culp","1974-07-30","2007-08-02","3","4",""
"1048","Arlena Date","1990-05-15","2009-06-23","1","4",""
"1049","Chiquia Mullenger","1972-12-29","2007-05-23","1","3",""
"1050","Averil Pedgrift","1991-08-07","2006-03-28","1","3",""
"1051","Missie Lippitt","1986-08-01","2010-11-03","2","2",""
"1052","Rowena Snailham","1964-07-15","2017-08-22","1","3","12200.00"
